timestamp,Status,sensor1,sensor2,AN0,AN4,AN5,D6,D7,B7
2024-06-08 22:40:15.032,-999,-999,-999,37,-999,-999,-999,-999,-999
2024-06-08 22:40:15.678,-999,-999,-999,31,-999,-999,-999,-999,-999
2024-06-08 22:40:16.679,-999,-999,-999,30,-999,-999,-999,-999,-999
2024-06-08 22:40:17.679,-999,-999,-999,33,-999,-999,-999,-999,-999
2024-06-08 22:42:09.464,-999,-999,-999,40,-999,-999,-999,-999,-999
2024-06-08 22:42:10.134,-999,-999,-999,33,-999,-999,-999,-999,-999
2024-06-08 22:42:11.131,-999,-999,-999,30,-999,-999,-999,-999,-999
2024-06-08 22:42:14.227,-999,-999,-999,"[32, 33, 32]",-999,-999,-999,-999,-999
2024-06-08 22:42:19.228,-999,-999,-999,"[29, 29, 31]",-999,-999,-999,-999,-999
2024-06-08 22:42:22.230,-999,-999,-999,"[30, 30, 33]",-999,-999,-999,-999,-999
2024-06-08 22:42:25.231,-999,-999,-999,"[33, 33, 32]",-999,-999,-999,-999,-999
2024-06-08 23:07:22.304,-999,-999,-999,-999,-999,-999,-999,1,-999
2024-06-08 23:07:23.230,-999,-999,-999,-999,-999,-999,-999,1,-999
2024-06-08 23:07:24.225,-999,-999,-999,-999,-999,-999,-999,1,-999
2024-06-08 23:07:25.257,-999,-999,-999,-999,-999,-999,-999,1,-999
2024-06-08 23:07:26.230,-999,-999,-999,-999,-999,-999,-999,1,-999
2024-06-08 23:07:27.231,-999,-999,-999,-999,-999,-999,-999,1,-999
2024-06-08 23:07:28.230,-999,-999,-999,-999,-999,-999,-999,1,-999
2024-06-08 23:07:29.237,-999,-999,-999,-999,-999,-999,-999,1,-999
2024-06-08 23:07:30.232,-999,-999,-999,-999,-999,-999,-999,1,-999
2024-06-08 23:07:31.232,-999,-999,-999,-999,-999,-999,-999,1,-999
2024-06-08 23:07:33.228,-999,-999,-999,-999,-999,-999,1,1,-999
2024-06-08 23:07:34.191,-999,-999,-999,-999,-999,-999,-999,1,-999
2024-06-08 23:07:35.195,-999,-999,-999,-999,-999,-999,-999,1,-999
2024-06-08 23:07:36.192,-999,-999,-999,-999,-999,-999,-999,1,-999
2024-06-08 23:07:37.514,-999,-999,-999,-999,-999,-999,1,1,-999
2024-06-08 23:07:38.518,-999,-999,-999,-999,-999,-999,1,1,-999
2024-06-08 23:07:39.518,-999,-999,-999,-999,-999,-999,1,1,-999
2024-06-08 23:07:40.518,-999,-999,-999,-999,-999,-999,1,1,-999
2024-06-08 23:07:41.518,-999,-999,-999,-999,-999,-999,1,1,-999
2024-06-08 23:07:42.485,-999,-999,-999,-999,-999,-999,-999,1,-999
2024-06-08 23:07:43.485,-999,-999,-999,-999,-999,-999,-999,1,-999
2024-06-08 23:07:44.483,-999,-999,-999,-999,-999,-999,-999,0,-999
2024-06-08 23:07:45.486,-999,-999,-999,-999,-999,-999,-999,0,-999
2024-06-08 23:07:46.486,-999,-999,-999,-999,-999,-999,-999,0,-999
2024-06-08 23:07:47.487,-999,-999,-999,-999,-999,-999,-999,1,-999
2024-06-08 23:07:48.482,-999,-999,-999,-999,-999,-999,-999,1,-999
2024-06-08 23:07:49.487,-999,-999,-999,-999,-999,-999,-999,1,-999
2024-06-08 23:07:50.488,-999,-999,-999,-999,-999,-999,-999,1,-999
2024-06-08 23:07:51.487,-999,-999,-999,-999,-999,-999,-999,1,-999
2024-06-08 23:07:52.489,-999,-999,-999,-999,-999,-999,-999,1,-999
2024-06-08 23:07:53.488,-999,-999,-999,-999,-999,-999,-999,1,-999
2024-06-08 23:07:54.482,-999,-999,-999,-999,-999,-999,-999,1,-999
2024-06-08 23:07:55.489,-999,-999,-999,-999,-999,-999,-999,1,-999
2024-06-08 23:07:56.489,-999,-999,-999,-999,-999,-999,-999,1,-999
2024-06-08 23:07:57.485,-999,-999,-999,-999,-999,-999,-999,1,-999
2024-06-08 23:07:58.486,-999,-999,-999,-999,-999,-999,-999,1,-999
2024-06-08 23:07:59.484,-999,-999,-999,-999,-999,-999,-999,1,-999
2024-06-08 23:08:00.488,-999,-999,-999,-999,-999,-999,-999,1,-999
2024-06-08 23:08:02.295,-999,-999,-999,-999,-999,-999,1,1,-999
2024-06-08 23:08:03.297,-999,-999,-999,-999,-999,-999,1,1,-999
2024-06-08 23:08:04.296,-999,-999,-999,-999,-999,-999,1,1,-999
2024-06-08 23:08:05.379,-999,-999,-999,-999,-999,-999,1,1,-999
2024-06-08 23:08:06.299,-999,-999,-999,-999,-999,-999,1,1,-999
2024-06-08 23:08:07.298,-999,-999,-999,-999,-999,-999,1,1,-999
2024-06-08 23:08:08.300,-999,-999,-999,-999,-999,-999,1,1,-999
2024-06-08 23:16:22.659,-999,-999,-999,38,-999,-999,-999,-999,-999
2024-06-08 23:16:23.477,-999,-999,-999,32,-999,-999,-999,-999,-999
2024-06-08 23:16:24.197,-999,-999,-999,-999,-999,-999,1,-999,-999
2024-06-08 23:16:24.475,-999,-999,-999,33,-999,-999,-999,-999,-999
2024-06-08 23:16:25.197,-999,-999,-999,-999,-999,-999,1,-999,-999
2024-06-08 23:16:25.474,-999,-999,-999,30,-999,-999,-999,-999,-999
2024-06-08 23:16:26.201,-999,-999,-999,-999,-999,-999,1,-999,-999
2024-06-08 23:16:26.474,-999,-999,-999,29,-999,-999,-999,-999,-999
2024-06-08 23:16:27.201,-999,-999,-999,-999,-999,-999,1,-999,-999
2024-06-08 23:16:27.474,-999,-999,-999,32,-999,-999,-999,-999,-999
2024-06-08 23:16:28.203,-999,-999,-999,-999,-999,-999,1,-999,-999
2024-06-08 23:16:28.475,-999,-999,-999,30,-999,-999,-999,-999,-999
2024-06-08 23:16:29.202,-999,-999,-999,-999,-999,-999,1,-999,-999
2024-06-08 23:16:29.475,-999,-999,-999,29,-999,-999,-999,-999,-999
2024-06-08 23:16:30.197,-999,-999,-999,-999,-999,-999,1,-999,-999
2024-06-08 23:16:30.476,-999,-999,-999,32,-999,-999,-999,-999,-999
2024-06-08 23:16:31.201,-999,-999,-999,-999,-999,-999,1,-999,-999
2024-06-08 23:16:31.476,-999,-999,-999,30,-999,-999,-999,-999,-999
2024-06-08 23:16:32.202,-999,-999,-999,-999,-999,-999,1,-999,-999
2024-06-08 23:16:32.476,-999,-999,-999,31,-999,-999,-999,-999,-999
2024-06-08 23:16:33.204,-999,-999,-999,-999,-999,-999,1,-999,-999
2024-06-08 23:16:33.476,-999,-999,-999,30,-999,-999,-999,-999,-999
2024-06-08 23:16:34.203,-999,-999,-999,-999,-999,-999,1,-999,-999
2024-06-08 23:16:34.476,-999,-999,-999,34,-999,-999,-999,-999,-999
2024-06-08 23:16:35.200,-999,-999,-999,-999,-999,-999,1,-999,-999
2024-06-08 23:16:35.477,-999,-999,-999,29,-999,-999,-999,-999,-999
2024-06-08 23:16:36.202,-999,-999,-999,-999,-999,-999,1,-999,-999
2024-06-08 23:16:36.478,-999,-999,-999,29,-999,-999,-999,-999,-999
2024-06-08 23:16:37.206,-999,-999,-999,-999,-999,-999,1,-999,-999
2024-06-08 23:16:37.463,-999,-999,-999,29,-999,-999,-999,-999,-999
2024-06-08 23:16:38.205,-999,-999,-999,-999,-999,-999,1,-999,-999
2024-06-08 23:16:38.465,-999,-999,-999,32,-999,-999,-999,-999,-999
2024-06-08 23:16:41.897,-999,-999,-999,-999,-999,-999,1,-999,-999
2024-06-08 23:16:41.946,-999,-999,-999,29,-999,-999,-999,-999,-999
2024-06-08 23:16:42.002,-999,-999,-999,-999,-999,-999,1,-999,-999
2024-06-08 23:16:42.063,-999,-999,-999,30,-999,-999,-999,-999,-999
2024-06-08 23:16:42.106,-999,-999,-999,-999,-999,-999,1,-999,-999
2024-06-08 23:16:42.145,-999,-999,-999,30,-999,-999,-999,-999,-999
2024-06-08 23:16:42.204,-999,-999,-999,-999,-999,-999,1,-999,-999
2024-06-08 23:16:42.478,-999,-999,-999,30,-999,-999,-999,-999,-999
2024-06-08 23:16:43.205,-999,-999,-999,-999,-999,-999,1,-999,-999
2024-06-08 23:16:43.479,-999,-999,-999,32,-999,-999,-999,-999,-999
2024-06-08 23:16:44.205,-999,-999,-999,-999,-999,-999,1,-999,-999
2024-06-08 23:16:44.480,-999,-999,-999,32,-999,-999,-999,-999,-999
2024-06-08 23:16:45.206,-999,-999,-999,-999,-999,-999,1,-999,-999
2024-06-08 23:16:45.481,-999,-999,-999,29,-999,-999,-999,-999,-999
2024-06-08 23:16:46.205,-999,-999,-999,-999,-999,-999,1,-999,-999
2024-06-08 23:16:46.480,-999,-999,-999,31,-999,-999,-999,-999,-999
2024-06-08 23:16:47.207,-999,-999,-999,-999,-999,-999,1,-999,-999
2024-06-08 23:16:47.477,-999,-999,-999,30,-999,-999,-999,-999,-999
2024-06-08 23:16:48.207,-999,-999,-999,-999,-999,-999,1,-999,-999
2024-06-08 23:16:48.477,-999,-999,-999,32,-999,-999,-999,-999,-999
2024-06-08 23:16:49.207,-999,-999,-999,-999,-999,-999,1,-999,-999
2024-06-08 23:16:49.480,-999,-999,-999,31,-999,-999,-999,-999,-999
2024-06-08 23:16:50.203,-999,-999,-999,-999,-999,-999,1,-999,-999
2024-06-08 23:16:50.481,-999,-999,-999,29,-999,-999,-999,-999,-999
2024-06-08 23:16:51.208,-999,-999,-999,-999,-999,-999,1,-999,-999
2024-06-08 23:16:51.482,-999,-999,-999,30,-999,-999,-999,-999,-999
2024-06-08 23:16:52.203,-999,-999,-999,-999,-999,-999,1,-999,-999
2024-06-08 23:16:52.485,-999,-999,-999,30,-999,-999,-999,-999,-999
2024-06-08 23:16:53.208,-999,-999,-999,-999,-999,-999,1,-999,-999
2024-06-08 23:16:53.478,-999,-999,-999,32,-999,-999,-999,-999,-999
2024-06-08 23:16:54.209,-999,-999,-999,-999,-999,-999,1,-999,-999
2024-06-08 23:16:54.482,-999,-999,-999,32,-999,-999,-999,-999,-999
2024-06-08 23:16:55.204,-999,-999,-999,-999,-999,-999,1,-999,-999
2024-06-08 23:16:55.483,-999,-999,-999,33,-999,-999,-999,-999,-999
2024-06-08 23:16:56.208,-999,-999,-999,-999,-999,-999,1,-999,-999
2024-06-08 23:16:56.483,-999,-999,-999,33,-999,-999,-999,-999,-999
2024-06-08 23:16:57.210,-999,-999,-999,-999,-999,-999,1,-999,-999
2024-06-08 23:16:57.483,-999,-999,-999,30,-999,-999,-999,-999,-999
2024-06-08 23:16:58.208,-999,-999,-999,-999,-999,-999,1,-999,-999
2024-06-08 23:16:58.484,-999,-999,-999,31,-999,-999,-999,-999,-999
2024-06-08 23:16:59.210,-999,-999,-999,-999,-999,-999,1,-999,-999
2024-06-08 23:16:59.484,-999,-999,-999,30,-999,-999,-999,-999,-999
2024-06-08 23:17:00.207,-999,-999,-999,-999,-999,-999,1,-999,-999
2024-06-08 23:17:00.485,-999,-999,-999,33,-999,-999,-999,-999,-999
2024-06-08 23:17:01.195,-999,-999,-999,-999,-999,-999,1,-999,-999
2024-06-08 23:17:01.484,-999,-999,-999,30,-999,-999,-999,-999,-999
2024-06-08 23:17:02.211,-999,-999,-999,-999,-999,-999,1,-999,-999
2024-06-08 23:17:02.479,-999,-999,-999,31,-999,-999,-999,-999,-999
2024-06-08 23:17:03.207,-999,-999,-999,-999,-999,-999,1,-999,-999
2024-06-08 23:17:03.484,-999,-999,-999,31,-999,-999,-999,-999,-999
2024-06-08 23:17:04.206,-999,-999,-999,-999,-999,-999,1,-999,-999
2024-06-08 23:17:04.485,-999,-999,-999,33,-999,-999,-999,-999,-999
2024-06-08 23:17:05.208,-999,-999,-999,-999,-999,-999,1,-999,-999
2024-06-08 23:17:05.485,-999,-999,-999,29,-999,-999,-999,-999,-999
2024-06-08 23:17:06.211,-999,-999,-999,-999,-999,-999,1,-999,-999
2024-06-08 23:17:06.486,-999,-999,-999,31,-999,-999,-999,-999,-999
2024-06-08 23:17:07.210,-999,-999,-999,-999,-999,-999,1,-999,-999
2024-06-08 23:17:07.486,-999,-999,-999,33,-999,-999,-999,-999,-999
2024-06-08 23:17:08.208,-999,-999,-999,-999,-999,-999,1,-999,-999
2024-06-08 23:17:08.486,-999,-999,-999,31,-999,-999,-999,-999,-999
2024-06-08 23:17:09.208,-999,-999,-999,-999,-999,-999,1,-999,-999
2024-06-08 23:17:09.545,-999,-999,-999,33,-999,-999,-999,-999,-999
2024-06-08 23:17:10.213,-999,-999,-999,-999,-999,-999,1,-999,-999
2024-06-08 23:17:10.485,-999,-999,-999,29,-999,-999,-999,-999,-999
2024-06-08 23:17:11.214,-999,-999,-999,-999,-999,-999,1,-999,-999
2024-06-08 23:17:11.485,-999,-999,-999,31,-999,-999,-999,-999,-999
2024-06-08 23:17:12.209,-999,-999,-999,-999,-999,-999,1,-999,-999
2024-06-08 23:17:12.488,-999,-999,-999,34,-999,-999,-999,-999,-999
2024-06-08 23:17:13.210,-999,-999,-999,-999,-999,-999,1,-999,-999
2024-06-08 23:17:13.488,-999,-999,-999,31,-999,-999,-999,-999,-999
2024-06-08 23:17:14.214,-999,-999,-999,-999,-999,-999,1,-999,-999
2024-06-08 23:17:14.483,-999,-999,-999,29,-999,-999,-999,-999,-999
2024-06-08 23:17:15.215,-999,-999,-999,-999,-999,-999,1,-999,-999
2024-06-08 23:17:15.489,-999,-999,-999,31,-999,-999,-999,-999,-999
2024-06-08 23:17:16.216,-999,-999,-999,-999,-999,-999,1,-999,-999
2024-06-08 23:17:16.487,-999,-999,-999,30,-999,-999,-999,-999,-999
2024-06-08 23:17:17.216,-999,-999,-999,-999,-999,-999,1,-999,-999
2024-06-08 23:17:17.489,-999,-999,-999,33,-999,-999,-999,-999,-999
2024-06-08 23:17:18.213,-999,-999,-999,-999,-999,-999,1,-999,-999
2024-06-08 23:17:18.489,-999,-999,-999,31,-999,-999,-999,-999,-999
2024-06-08 23:17:19.211,-999,-999,-999,-999,-999,-999,1,-999,-999
2024-06-08 23:17:19.489,-999,-999,-999,32,-999,-999,-999,-999,-999
2024-06-08 23:17:20.214,-999,-999,-999,-999,-999,-999,1,-999,-999
2024-06-08 23:17:20.491,-999,-999,-999,32,-999,-999,-999,-999,-999
2024-06-08 23:17:21.217,-999,-999,-999,-999,-999,-999,1,-999,-999
2024-06-08 23:17:21.490,-999,-999,-999,34,-999,-999,-999,-999,-999
2024-06-08 23:17:22.212,-999,-999,-999,-999,-999,-999,1,-999,-999
2024-06-08 23:17:22.490,-999,-999,-999,31,-999,-999,-999,-999,-999
2024-06-08 23:17:23.217,-999,-999,-999,-999,-999,-999,1,-999,-999
2024-06-08 23:17:23.490,-999,-999,-999,33,-999,-999,-999,-999,-999
2024-06-08 23:17:24.216,-999,-999,-999,-999,-999,-999,1,-999,-999
2024-06-08 23:17:24.490,-999,-999,-999,29,-999,-999,-999,-999,-999
2024-06-08 23:17:25.215,-999,-999,-999,-999,-999,-999,1,-999,-999
2024-06-08 23:17:25.492,-999,-999,-999,30,-999,-999,-999,-999,-999
2024-06-08 23:17:26.213,-999,-999,-999,-999,-999,-999,1,-999,-999
2024-06-08 23:17:26.492,-999,-999,-999,32,-999,-999,-999,-999,-999
2024-06-08 23:17:27.213,-999,-999,-999,-999,-999,-999,1,-999,-999
2024-06-08 23:17:27.492,-999,-999,-999,30,-999,-999,-999,-999,-999
2024-06-08 23:17:28.216,-999,-999,-999,-999,-999,-999,1,-999,-999
2024-06-08 23:17:28.492,-999,-999,-999,30,-999,-999,-999,-999,-999
2024-06-08 23:17:29.218,-999,-999,-999,-999,-999,-999,1,-999,-999
2024-06-08 23:17:29.492,-999,-999,-999,30,-999,-999,-999,-999,-999
2024-06-08 23:17:30.219,-999,-999,-999,-999,-999,-999,1,-999,-999
2024-06-08 23:17:30.492,-999,-999,-999,32,-999,-999,-999,-999,-999
2024-06-08 23:17:31.219,-999,-999,-999,-999,-999,-999,1,-999,-999
2024-06-08 23:17:31.492,-999,-999,-999,31,-999,-999,-999,-999,-999
2024-06-08 23:17:32.219,-999,-999,-999,-999,-999,-999,1,-999,-999
2024-06-08 23:17:32.490,-999,-999,-999,29,-999,-999,-999,-999,-999
2024-06-08 23:17:33.213,-999,-999,-999,-999,-999,-999,1,-999,-999
2024-06-08 23:17:33.494,-999,-999,-999,30,-999,-999,-999,-999,-999
2024-06-08 23:17:34.219,-999,-999,-999,-999,-999,-999,1,-999,-999
2024-06-08 23:17:34.494,-999,-999,-999,32,-999,-999,-999,-999,-999
2024-06-08 23:17:35.217,-999,-999,-999,-999,-999,-999,1,-999,-999
2024-06-08 23:17:35.496,-999,-999,-999,30,-999,-999,-999,-999,-999
2024-06-08 23:17:36.221,-999,-999,-999,-999,-999,-999,1,-999,-999
2024-06-08 23:17:36.492,-999,-999,-999,31,-999,-999,-999,-999,-999
2024-06-08 23:17:37.221,-999,-999,-999,-999,-999,-999,1,-999,-999
2024-06-08 23:17:37.493,-999,-999,-999,31,-999,-999,-999,-999,-999
2024-06-08 23:17:38.221,-999,-999,-999,-999,-999,-999,1,-999,-999
2024-06-08 23:17:38.495,-999,-999,-999,29,-999,-999,-999,-999,-999
2024-06-08 23:17:39.223,-999,-999,-999,-999,-999,-999,1,-999,-999
2024-06-08 23:17:39.497,-999,-999,-999,30,-999,-999,-999,-999,-999
2024-06-08 23:17:40.218,-999,-999,-999,-999,-999,-999,1,-999,-999
2024-06-08 23:17:40.496,-999,-999,-999,30,-999,-999,-999,-999,-999
2024-06-08 23:17:41.380,-999,-999,-999,-999,-999,-999,1,-999,-999
2024-06-08 23:17:41.597,-999,-999,-999,32,-999,-999,-999,-999,-999
2024-06-08 23:17:42.227,-999,-999,-999,-999,-999,-999,1,-999,-999
2024-06-08 23:17:42.501,-999,-999,-999,29,-999,-999,-999,-999,-999
2024-06-08 23:17:43.252,-999,-999,-999,-999,-999,-999,1,-999,-999
2024-06-08 23:17:43.497,-999,-999,-999,32,-999,-999,-999,-999,-999
2024-06-08 23:17:44.221,-999,-999,-999,-999,-999,-999,1,-999,-999
2024-06-08 23:17:44.497,-999,-999,-999,30,-999,-999,-999,-999,-999
2024-06-08 23:17:45.225,-999,-999,-999,-999,-999,-999,1,-999,-999
2024-06-08 23:17:45.497,-999,-999,-999,29,-999,-999,-999,-999,-999
2024-06-08 23:17:46.221,-999,-999,-999,-999,-999,-999,1,-999,-999
2024-06-08 23:17:46.498,-999,-999,-999,33,-999,-999,-999,-999,-999
2024-06-08 23:17:47.224,-999,-999,-999,-999,-999,-999,1,-999,-999
2024-06-08 23:17:47.497,-999,-999,-999,34,-999,-999,-999,-999,-999
2024-06-08 23:17:48.221,-999,-999,-999,-999,-999,-999,1,-999,-999
2024-06-08 23:17:48.498,-999,-999,-999,31,-999,-999,-999,-999,-999
2024-06-08 23:17:49.222,-999,-999,-999,-999,-999,-999,1,-999,-999
2024-06-08 23:17:49.498,-999,-999,-999,30,-999,-999,-999,-999,-999
2024-06-08 23:17:50.225,-999,-999,-999,-999,-999,-999,1,-999,-999
2024-06-08 23:17:50.495,-999,-999,-999,32,-999,-999,-999,-999,-999
2024-06-08 23:17:51.225,-999,-999,-999,-999,-999,-999,1,-999,-999
2024-06-08 23:17:51.498,-999,-999,-999,29,-999,-999,-999,-999,-999
2024-06-08 23:17:52.225,-999,-999,-999,-999,-999,-999,1,-999,-999
2024-06-08 23:17:52.498,-999,-999,-999,33,-999,-999,-999,-999,-999
2024-06-08 23:17:53.226,-999,-999,-999,-999,-999,-999,1,-999,-999
2024-06-08 23:17:53.499,-999,-999,-999,32,-999,-999,-999,-999,-999
2024-06-08 23:17:54.226,-999,-999,-999,-999,-999,-999,1,-999,-999
2024-06-08 23:17:54.497,-999,-999,-999,34,-999,-999,-999,-999,-999
2024-06-08 23:17:55.221,-999,-999,-999,-999,-999,-999,1,-999,-999
2024-06-08 23:17:55.500,-999,-999,-999,30,-999,-999,-999,-999,-999
2024-06-08 23:17:56.226,-999,-999,-999,-999,-999,-999,1,-999,-999
2024-06-08 23:17:56.494,-999,-999,-999,30,-999,-999,-999,-999,-999
2024-06-08 23:17:57.227,-999,-999,-999,-999,-999,-999,1,-999,-999
2024-06-08 23:17:57.501,-999,-999,-999,30,-999,-999,-999,-999,-999
2024-06-08 23:17:58.227,-999,-999,-999,-999,-999,-999,1,-999,-999
2024-06-08 23:17:58.501,-999,-999,-999,30,-999,-999,-999,-999,-999
2024-06-08 23:17:59.225,-999,-999,-999,-999,-999,-999,1,-999,-999
2024-06-08 23:17:59.505,-999,-999,-999,30,-999,-999,-999,-999,-999
2024-06-08 23:18:00.229,-999,-999,-999,-999,-999,-999,1,-999,-999
2024-06-08 23:18:00.496,-999,-999,-999,30,-999,-999,-999,-999,-999
2024-06-08 23:18:01.229,-999,-999,-999,-999,-999,-999,1,-999,-999
2024-06-08 23:18:01.497,-999,-999,-999,30,-999,-999,-999,-999,-999
2024-06-08 23:18:02.229,-999,-999,-999,-999,-999,-999,1,-999,-999
2024-06-08 23:18:02.498,-999,-999,-999,33,-999,-999,-999,-999,-999
2024-06-08 23:18:03.226,-999,-999,-999,-999,-999,-999,1,-999,-999
2024-06-08 23:18:03.502,-999,-999,-999,30,-999,-999,-999,-999,-999
2024-06-08 23:18:04.229,-999,-999,-999,-999,-999,-999,1,-999,-999
2024-06-08 23:18:04.498,-999,-999,-999,31,-999,-999,-999,-999,-999
2024-06-08 23:18:05.230,-999,-999,-999,-999,-999,-999,1,-999,-999
2024-06-08 23:18:05.502,-999,-999,-999,29,-999,-999,-999,-999,-999
2024-06-08 23:18:06.230,-999,-999,-999,-999,-999,-999,1,-999,-999
2024-06-08 23:18:06.502,-999,-999,-999,34,-999,-999,-999,-999,-999
2024-06-08 23:18:07.230,-999,-999,-999,-999,-999,-999,1,-999,-999
2024-06-08 23:18:07.501,-999,-999,-999,29,-999,-999,-999,-999,-999
2024-06-08 23:18:08.230,-999,-999,-999,-999,-999,-999,1,-999,-999
2024-06-08 23:18:08.503,-999,-999,-999,30,-999,-999,-999,-999,-999
2024-06-08 23:18:09.226,-999,-999,-999,-999,-999,-999,1,-999,-999
2024-06-08 23:18:09.505,-999,-999,-999,33,-999,-999,-999,-999,-999
2024-06-08 23:18:10.226,-999,-999,-999,-999,-999,-999,1,-999,-999
2024-06-08 23:18:10.505,-999,-999,-999,30,-999,-999,-999,-999,-999
2024-06-08 23:18:11.231,-999,-999,-999,-999,-999,-999,1,-999,-999
2024-06-08 23:18:11.504,-999,-999,-999,30,-999,-999,-999,-999,-999
2024-06-08 23:18:12.226,-999,-999,-999,-999,-999,-999,1,-999,-999
2024-06-08 23:18:12.504,-999,-999,-999,30,-999,-999,-999,-999,-999
2024-06-08 23:18:13.233,-999,-999,-999,-999,-999,-999,1,-999,-999
2024-06-08 23:18:13.505,-999,-999,-999,31,-999,-999,-999,-999,-999
2024-06-08 23:18:14.231,-999,-999,-999,-999,-999,-999,1,-999,-999
2024-06-08 23:18:14.505,-999,-999,-999,32,-999,-999,-999,-999,-999
2024-06-08 23:18:15.229,-999,-999,-999,-999,-999,-999,1,-999,-999
2024-06-08 23:18:15.505,-999,-999,-999,32,-999,-999,-999,-999,-999
2024-06-08 23:18:16.231,-999,-999,-999,-999,-999,-999,1,-999,-999
2024-06-08 23:18:16.506,-999,-999,-999,34,-999,-999,-999,-999,-999
2024-06-08 23:18:17.230,-999,-999,-999,-999,-999,-999,1,-999,-999
2024-06-08 23:18:17.506,-999,-999,-999,33,-999,-999,-999,-999,-999
2024-06-08 23:18:18.235,-999,-999,-999,-999,-999,-999,1,-999,-999
2024-06-08 23:18:18.506,-999,-999,-999,31,-999,-999,-999,-999,-999
2024-06-08 23:18:19.233,-999,-999,-999,-999,-999,-999,1,-999,-999
2024-06-08 23:18:19.506,-999,-999,-999,30,-999,-999,-999,-999,-999
2024-06-08 23:18:20.233,-999,-999,-999,-999,-999,-999,1,-999,-999
2024-06-08 23:18:20.505,-999,-999,-999,33,-999,-999,-999,-999,-999
2024-06-08 23:18:21.233,-999,-999,-999,-999,-999,-999,1,-999,-999
2024-06-08 23:18:21.505,-999,-999,-999,34,-999,-999,-999,-999,-999
2024-06-08 23:18:22.235,-999,-999,-999,-999,-999,-999,1,-999,-999
2024-06-08 23:18:22.508,-999,-999,-999,32,-999,-999,-999,-999,-999
2024-06-08 23:18:23.234,-999,-999,-999,-999,-999,-999,1,-999,-999
2024-06-08 23:18:23.507,-999,-999,-999,30,-999,-999,-999,-999,-999
2024-06-08 23:18:24.259,-999,-999,-999,-999,-999,-999,1,-999,-999
2024-06-08 23:18:24.514,-999,-999,-999,29,-999,-999,-999,-999,-999
2024-06-08 23:18:25.235,-999,-999,-999,-999,-999,-999,1,-999,-999
2024-06-08 23:18:25.509,-999,-999,-999,32,-999,-999,-999,-999,-999
2024-06-08 23:18:26.235,-999,-999,-999,-999,-999,-999,1,-999,-999
2024-06-08 23:19:13.335,-999,-999,-999,37,-999,-999,-999,-999,-999
2024-06-08 23:19:14.232,-999,-999,-999,30,-999,-999,-999,-999,-999
2024-06-08 23:19:15.410,-999,-999,-999,32,-999,-999,1,-999,-999
2024-06-08 23:19:16.363,-999,-999,-999,-999,-999,-999,1,-999,-999
2024-06-08 23:19:17.359,-999,-999,-999,-999,-999,-999,1,-999,-999
2024-06-08 23:19:18.362,-999,-999,-999,-999,-999,-999,1,-999,-999
2024-06-08 23:19:19.361,-999,-999,-999,-999,-999,-999,1,-999,-999
2024-06-08 23:19:20.365,-999,-999,-999,-999,-999,-999,1,-999,-999
2024-06-08 23:19:21.361,-999,-999,-999,-999,-999,-999,1,-999,-999
2024-06-08 23:19:22.361,-999,-999,-999,-999,-999,-999,1,-999,-999
2024-06-08 23:19:23.366,-999,-999,-999,-999,-999,-999,1,-999,-999
2024-06-08 23:19:24.366,-999,-999,-999,-999,-999,-999,1,-999,-999
2024-06-08 23:19:25.366,-999,-999,-999,-999,-999,-999,1,-999,-999
2024-06-08 23:19:26.366,-999,-999,-999,-999,-999,-999,1,-999,-999
2024-06-08 23:19:27.367,-999,-999,-999,-999,-999,-999,1,-999,-999
2024-06-08 23:19:28.367,-999,-999,-999,-999,-999,-999,1,-999,-999
2024-06-08 23:19:29.367,-999,-999,-999,-999,-999,-999,1,-999,-999
2024-06-08 23:19:30.368,-999,-999,-999,-999,-999,-999,1,-999,-999
2024-06-08 23:19:31.368,-999,-999,-999,-999,-999,-999,1,-999,-999
2024-06-08 23:19:32.368,-999,-999,-999,-999,-999,-999,1,-999,-999
2024-06-08 23:19:33.368,-999,-999,-999,-999,-999,-999,1,-999,-999
2024-06-08 23:19:34.367,-999,-999,-999,-999,-999,-999,1,-999,-999
2024-06-08 23:19:35.369,-999,-999,-999,-999,-999,-999,1,-999,-999
2024-06-08 23:19:36.370,-999,-999,-999,-999,-999,-999,1,-999,-999
2024-06-08 23:19:37.370,-999,-999,-999,-999,-999,-999,1,-999,-999
2024-06-08 23:19:38.370,-999,-999,-999,-999,-999,-999,1,-999,-999
2024-06-08 23:19:39.370,-999,-999,-999,-999,-999,-999,1,-999,-999
2024-06-08 23:19:40.367,-999,-999,-999,-999,-999,-999,1,-999,-999
2024-06-08 23:19:41.370,-999,-999,-999,-999,-999,-999,1,-999,-999
2024-06-08 23:19:42.367,-999,-999,-999,-999,-999,-999,1,-999,-999
2024-06-08 23:19:43.372,-999,-999,-999,-999,-999,-999,1,-999,-999
2024-06-08 23:19:44.372,-999,-999,-999,-999,-999,-999,1,-999,-999
2024-06-08 23:19:45.370,-999,-999,-999,-999,-999,-999,1,-999,-999
2024-06-08 23:19:46.367,-999,-999,-999,-999,-999,-999,1,-999,-999
2024-06-08 23:19:47.372,-999,-999,-999,-999,-999,-999,1,-999,-999
2024-06-08 23:19:48.373,-999,-999,-999,-999,-999,-999,1,-999,-999
2024-06-08 23:19:49.156,-999,-999,-999,37,-999,-999,-999,-999,-999
2024-06-08 23:19:49.369,-999,-999,-999,-999,-999,-999,1,-999,-999
2024-06-08 23:19:50.151,-999,-999,-999,34,-999,-999,-999,-999,-999
2024-06-08 23:19:50.371,-999,-999,-999,-999,-999,-999,1,-999,-999
2024-06-08 23:19:51.158,-999,-999,-999,34,-999,-999,-999,-999,-999
2024-06-08 23:19:51.374,-999,-999,-999,-999,-999,-999,1,-999,-999
2024-06-08 23:19:52.158,-999,-999,-999,30,-999,-999,-999,-999,-999
2024-06-08 23:19:52.368,-999,-999,-999,-999,-999,-999,1,-999,-999
2024-06-08 23:19:53.158,-999,-999,-999,30,-999,-999,-999,-999,-999
2024-06-08 23:19:53.374,-999,-999,-999,-999,-999,-999,1,-999,-999
2024-06-08 23:19:54.158,-999,-999,-999,31,-999,-999,-999,-999,-999
2024-06-08 23:19:54.374,-999,-999,-999,-999,-999,-999,1,-999,-999
2024-06-08 23:19:55.158,-999,-999,-999,31,-999,-999,-999,-999,-999
2024-06-08 23:19:55.375,-999,-999,-999,-999,-999,-999,1,-999,-999
2024-06-08 23:19:56.156,-999,-999,-999,30,-999,-999,-999,-999,-999
2024-06-08 23:19:56.375,-999,-999,-999,-999,-999,-999,1,-999,-999
2024-06-08 23:19:57.158,-999,-999,-999,29,-999,-999,-999,-999,-999
2024-06-08 23:19:57.375,-999,-999,-999,-999,-999,-999,1,-999,-999
2024-06-08 23:19:58.160,-999,-999,-999,32,-999,-999,-999,-999,-999
2024-06-08 23:19:58.376,-999,-999,-999,-999,-999,-999,1,-999,-999
2024-06-08 23:19:59.160,-999,-999,-999,30,-999,-999,-999,-999,-999
2024-06-08 23:19:59.376,-999,-999,-999,-999,-999,-999,1,-999,-999
2024-06-08 23:20:00.159,-999,-999,-999,29,-999,-999,-999,-999,-999
2024-06-08 23:20:00.375,-999,-999,-999,-999,-999,-999,1,-999,-999
2024-06-08 23:20:01.160,-999,-999,-999,33,-999,-999,-999,-999,-999
2024-06-08 23:20:01.376,-999,-999,-999,-999,-999,-999,1,-999,-999
2024-06-08 23:20:02.156,-999,-999,-999,29,-999,-999,-999,-999,-999
2024-06-08 23:20:02.374,-999,-999,-999,-999,-999,-999,1,-999,-999
2024-06-08 23:20:03.159,-999,-999,-999,29,-999,-999,-999,-999,-999
2024-06-08 23:20:03.376,-999,-999,-999,-999,-999,-999,1,-999,-999
2024-06-08 23:20:04.161,-999,-999,-999,32,-999,-999,-999,-999,-999
2024-06-08 23:20:04.378,-999,-999,-999,-999,-999,-999,1,-999,-999
2024-06-08 23:20:05.161,-999,-999,-999,32,-999,-999,-999,-999,-999
2024-06-08 23:20:05.374,-999,-999,-999,-999,-999,-999,1,-999,-999
2024-06-08 23:20:06.162,-999,-999,-999,32,-999,-999,-999,-999,-999
2024-06-08 23:20:06.378,-999,-999,-999,-999,-999,-999,1,-999,-999
2024-06-08 23:20:07.162,-999,-999,-999,30,-999,-999,-999,-999,-999
2024-06-08 23:20:07.378,-999,-999,-999,-999,-999,-999,1,-999,-999
2024-06-08 23:20:08.162,-999,-999,-999,33,-999,-999,-999,-999,-999
2024-06-08 23:20:08.378,-999,-999,-999,-999,-999,-999,1,-999,-999
2024-06-08 23:20:09.162,-999,-999,-999,34,-999,-999,-999,-999,-999
2024-06-08 23:20:09.378,-999,-999,-999,-999,-999,-999,1,-999,-999
2024-06-08 23:20:10.161,-999,-999,-999,32,-999,-999,-999,-999,-999
2024-06-08 23:20:10.379,-999,-999,-999,-999,-999,-999,1,-999,-999
2024-06-08 23:20:11.162,-999,-999,-999,30,-999,-999,-999,-999,-999
2024-06-08 23:20:11.379,-999,-999,-999,-999,-999,-999,1,-999,-999
2024-06-08 23:20:12.162,-999,-999,-999,30,-999,-999,-999,-999,-999
2024-06-08 23:20:12.377,-999,-999,-999,-999,-999,-999,1,-999,-999
2024-06-08 23:20:13.159,-999,-999,-999,30,-999,-999,-999,-999,-999
2024-06-08 23:20:13.377,-999,-999,-999,-999,-999,-999,1,-999,-999
2024-06-08 23:20:14.160,-999,-999,-999,33,-999,-999,-999,-999,-999
2024-06-08 23:20:14.380,-999,-999,-999,-999,-999,-999,1,-999,-999
2024-06-08 23:20:15.164,-999,-999,-999,29,-999,-999,-999,-999,-999
2024-06-08 23:20:15.380,-999,-999,-999,-999,-999,-999,1,-999,-999
2024-06-08 23:20:16.159,-999,-999,-999,31,-999,-999,-999,-999,-999
2024-06-08 23:20:16.377,-999,-999,-999,-999,-999,-999,1,-999,-999
2024-06-08 23:20:17.161,-999,-999,-999,30,-999,-999,-999,-999,-999
2024-06-08 23:20:17.377,-999,-999,-999,-999,-999,-999,1,-999,-999
2024-06-08 23:20:18.164,-999,-999,-999,34,-999,-999,-999,-999,-999
2024-06-08 23:20:18.381,-999,-999,-999,-999,-999,-999,1,-999,-999
2024-06-08 23:20:19.164,-999,-999,-999,30,-999,-999,-999,-999,-999
2024-06-08 23:20:19.381,-999,-999,-999,-999,-999,-999,1,-999,-999
2024-06-08 23:20:20.165,-999,-999,-999,32,-999,-999,-999,-999,-999
2024-06-08 23:20:20.382,-999,-999,-999,-999,-999,-999,1,-999,-999
2024-06-08 23:20:21.165,-999,-999,-999,33,-999,-999,-999,-999,-999
2024-06-08 23:20:21.382,-999,-999,-999,-999,-999,-999,1,-999,-999
2024-06-08 23:20:22.166,-999,-999,-999,32,-999,-999,-999,-999,-999
2024-06-08 23:20:22.382,-999,-999,-999,-999,-999,-999,1,-999,-999
2024-06-08 23:20:23.166,-999,-999,-999,30,-999,-999,-999,-999,-999
2024-06-08 23:20:23.383,-999,-999,-999,-999,-999,-999,1,-999,-999
2024-06-08 23:20:24.167,-999,-999,-999,32,-999,-999,-999,-999,-999
2024-06-08 23:20:24.383,-999,-999,-999,-999,-999,-999,1,-999,-999
2024-06-08 23:20:25.167,-999,-999,-999,33,-999,-999,-999,-999,-999
2024-06-08 23:20:25.383,-999,-999,-999,-999,-999,-999,1,-999,-999
2024-06-08 23:20:26.167,-999,-999,-999,31,-999,-999,-999,-999,-999
2024-06-08 23:20:26.384,-999,-999,-999,-999,-999,-999,1,-999,-999
2024-06-08 23:20:27.167,-999,-999,-999,31,-999,-999,-999,-999,-999
2024-06-08 23:20:27.384,-999,-999,-999,-999,-999,-999,1,-999,-999
2024-06-08 23:20:28.166,-999,-999,-999,32,-999,-999,-999,-999,-999
2024-06-08 23:20:28.385,-999,-999,-999,-999,-999,-999,1,-999,-999
2024-06-08 23:20:29.165,-999,-999,-999,31,-999,-999,-999,-999,-999
2024-06-08 23:20:29.385,-999,-999,-999,-999,-999,-999,1,-999,-999
2024-06-08 23:20:30.167,-999,-999,-999,31,-999,-999,-999,-999,-999
2024-06-08 23:20:30.381,-999,-999,-999,-999,-999,-999,1,-999,-999
2024-06-08 23:20:31.167,-999,-999,-999,30,-999,-999,-999,-999,-999
2024-06-08 23:20:31.384,-999,-999,-999,-999,-999,-999,1,-999,-999
2024-06-08 23:20:32.168,-999,-999,-999,33,-999,-999,-999,-999,-999
2024-06-08 23:20:32.386,-999,-999,-999,-999,-999,-999,1,-999,-999
2024-06-08 23:20:33.168,-999,-999,-999,31,-999,-999,-999,-999,-999
2024-06-08 23:20:34.169,-999,-999,-999,33,-999,-999,-999,-999,-999
2024-06-08 23:20:36.111,-999,-999,-999,36,-999,-999,-999,1,-999
2024-06-08 23:20:37.111,-999,-999,-999,32,-999,-999,-999,1,-999
2024-06-08 23:20:38.111,-999,-999,-999,31,-999,-999,-999,1,-999
2024-06-08 23:20:39.063,-999,-999,-999,-999,-999,-999,-999,1,-999
2024-06-08 23:20:40.064,-999,-999,-999,-999,-999,-999,-999,1,-999
2024-06-08 23:20:41.064,-999,-999,-999,-999,-999,-999,-999,1,-999
2024-06-08 23:20:42.065,-999,-999,-999,-999,-999,-999,-999,1,-999
2024-06-08 23:20:43.065,-999,-999,-999,-999,-999,-999,-999,1,-999
2024-06-08 23:20:44.058,-999,-999,-999,-999,-999,-999,-999,1,-999
2024-06-08 23:20:45.064,-999,-999,-999,-999,-999,-999,-999,1,-999
2024-06-08 23:20:46.066,-999,-999,-999,-999,-999,-999,-999,1,-999
2024-06-08 23:20:47.065,-999,-999,-999,-999,-999,-999,-999,1,-999
2024-06-08 23:20:48.066,-999,-999,-999,-999,-999,-999,-999,1,-999
2024-06-08 23:20:49.066,-999,-999,-999,-999,-999,-999,-999,1,-999
2024-06-08 23:20:50.066,-999,-999,-999,-999,-999,-999,-999,1,-999
2024-06-08 23:20:51.066,-999,-999,-999,-999,-999,-999,-999,1,-999
2024-06-08 23:20:52.064,-999,-999,-999,-999,-999,-999,-999,1,-999
2024-06-08 23:20:53.067,-999,-999,-999,-999,-999,-999,-999,1,-999
2024-06-08 23:20:54.062,-999,-999,-999,-999,-999,-999,-999,1,-999
2024-06-08 23:20:55.063,-999,-999,-999,-999,-999,-999,-999,1,-999
2024-06-08 23:20:56.069,-999,-999,-999,-999,-999,-999,-999,1,-999
2024-06-08 23:20:57.065,-999,-999,-999,-999,-999,-999,-999,1,-999
2024-06-08 23:20:58.063,-999,-999,-999,-999,-999,-999,-999,1,-999
2024-06-08 23:20:59.064,-999,-999,-999,-999,-999,-999,-999,1,-999
2024-06-08 23:21:00.068,-999,-999,-999,-999,-999,-999,-999,1,-999
2024-06-08 23:21:01.065,-999,-999,-999,-999,-999,-999,-999,1,-999
2024-06-08 23:21:11.857,-999,-999,-999,40,-999,-999,-999,-999,-999
2024-06-08 23:21:12.857,-999,-999,-999,32,-999,-999,-999,-999,-999
2024-06-08 23:21:13.857,-999,-999,-999,34,-999,-999,-999,-999,-999
2024-06-08 23:21:14.857,-999,-999,-999,30,-999,-999,-999,-999,-999
2024-06-08 23:21:15.857,-999,-999,-999,32,-999,-999,-999,-999,-999
2024-06-08 23:21:16.858,-999,-999,-999,31,-999,-999,-999,-999,-999
2024-06-08 23:21:17.856,-999,-999,-999,30,-999,-999,-999,-999,-999
2024-06-08 23:21:18.857,-999,-999,-999,34,-999,-999,-999,-999,-999
2024-06-08 23:21:19.854,-999,-999,-999,31,-999,-999,-999,-999,-999
2024-06-08 23:21:20.856,-999,-999,-999,33,-999,-999,-999,-999,-999
2024-06-08 23:21:21.859,-999,-999,-999,29,-999,-999,-999,-999,-999
2024-06-08 23:21:22.859,-999,-999,-999,32,-999,-999,-999,-999,-999
2024-06-08 23:21:23.859,-999,-999,-999,33,-999,-999,-999,-999,-999
2024-06-08 23:21:24.856,-999,-999,-999,33,-999,-999,-999,-999,-999
2024-06-08 23:21:25.861,-999,-999,-999,30,-999,-999,-999,-999,-999
2024-06-08 23:21:26.861,-999,-999,-999,33,-999,-999,-999,-999,-999
2024-06-08 23:21:27.861,-999,-999,-999,29,-999,-999,-999,-999,-999
2024-06-08 23:21:28.861,-999,-999,-999,29,-999,-999,-999,-999,-999
2024-06-08 23:21:29.861,-999,-999,-999,31,-999,-999,-999,-999,-999
2024-06-08 23:21:30.862,-999,-999,-999,29,-999,-999,-999,-999,-999
2024-06-08 23:21:31.862,-999,-999,-999,31,-999,-999,-999,-999,-999
2024-06-08 23:21:32.858,-999,-999,-999,30,-999,-999,-999,-999,-999
2024-06-08 23:21:33.861,-999,-999,-999,29,-999,-999,-999,-999,-999
2024-06-08 23:21:34.863,-999,-999,-999,31,-999,-999,-999,-999,-999
2024-06-08 23:21:35.863,-999,-999,-999,33,-999,-999,-999,-999,-999
2024-06-08 23:21:36.863,-999,-999,-999,34,-999,-999,-999,-999,-999
2024-06-08 23:21:37.863,-999,-999,-999,31,-999,-999,-999,-999,-999
2024-06-08 23:21:38.863,-999,-999,-999,31,-999,-999,-999,-999,-999
2024-06-08 23:21:39.864,-999,-999,-999,30,-999,-999,-999,-999,-999
2024-06-08 23:21:40.864,-999,-999,-999,31,-999,-999,-999,-999,-999
2024-06-08 23:21:41.860,-999,-999,-999,29,-999,-999,-999,-999,-999
2024-06-08 23:21:42.861,-999,-999,-999,30,-999,-999,-999,-999,-999
2024-06-08 23:21:43.860,-999,-999,-999,31,-999,-999,-999,-999,-999
2024-06-08 23:21:44.861,-999,-999,-999,34,-999,-999,-999,-999,-999
2024-06-08 23:21:45.861,-999,-999,-999,34,-999,-999,-999,-999,-999
2024-06-08 23:21:46.866,-999,-999,-999,30,-999,-999,-999,-999,-999
2024-06-08 23:21:47.863,-999,-999,-999,30,-999,-999,-999,-999,-999
2024-06-08 23:21:49.591,-999,-999,-999,37,251,-999,-999,-999,-999
2024-06-08 23:21:50.591,-999,-999,-999,34,251,-999,-999,-999,-999
2024-06-08 23:21:51.590,-999,-999,-999,35,248,-999,-999,-999,-999
2024-06-08 23:21:52.587,-999,-999,-999,34,251,-999,-999,-999,-999
2024-06-08 23:21:53.543,-999,-999,-999,-999,253,-999,-999,-999,-999
2024-06-08 23:21:54.544,-999,-999,-999,-999,251,-999,-999,-999,-999
2024-06-08 23:21:55.541,-999,-999,-999,-999,254,-999,-999,-999,-999
2024-06-08 23:21:56.544,-999,-999,-999,-999,249,-999,-999,-999,-999
2024-06-08 23:21:57.542,-999,-999,-999,-999,251,-999,-999,-999,-999
2024-06-08 23:21:58.544,-999,-999,-999,-999,252,-999,-999,-999,-999
2024-06-08 23:21:59.544,-999,-999,-999,-999,251,-999,-999,-999,-999
2024-06-08 23:22:00.545,-999,-999,-999,-999,250,-999,-999,-999,-999
2024-06-08 23:22:04.050,-999,-999,-999,-999,250,-999,-999,-999,-999
2024-06-08 23:22:04.107,-999,-999,-999,-999,249,-999,-999,-999,-999
2024-06-08 23:22:04.149,-999,-999,-999,-999,250,-999,-999,-999,-999
2024-06-08 23:22:04.546,-999,-999,-999,-999,253,-999,-999,-999,-999
2024-06-08 23:22:05.546,-999,-999,-999,-999,251,-999,-999,-999,-999
2024-06-08 23:22:06.546,-999,-999,-999,-999,251,-999,-999,-999,-999
2024-06-08 23:22:07.547,-999,-999,-999,-999,250,-999,-999,-999,-999
2024-06-08 23:22:08.547,-999,-999,-999,-999,252,-999,-999,-999,-999
2024-06-08 23:22:09.547,-999,-999,-999,-999,252,-999,-999,-999,-999
2024-06-08 23:22:10.547,-999,-999,-999,-999,253,-999,-999,-999,-999
2024-06-08 23:22:11.543,-999,-999,-999,-999,255,-999,-999,-999,-999
2024-06-08 23:22:12.544,-999,-999,-999,-999,253,-999,-999,-999,-999
2024-06-08 23:22:13.546,-999,-999,-999,-999,253,-999,-999,-999,-999
2024-06-08 23:22:15.607,-999,-999,-999,-999,247,17,-999,-999,-999
2024-06-08 23:22:16.608,-999,-999,-999,-999,252,16,-999,-999,-999
2024-06-08 23:22:17.540,-999,-999,-999,-999,-999,23,-999,-999,-999
2024-06-08 23:22:18.545,-999,-999,-999,-999,-999,22,-999,-999,-999
2024-06-08 23:22:19.545,-999,-999,-999,-999,-999,21,-999,-999,-999
2024-06-08 23:22:20.546,-999,-999,-999,-999,-999,24,-999,-999,-999
2024-06-08 23:22:21.544,-999,-999,-999,-999,-999,20,-999,-999,-999
2024-06-08 23:22:22.547,-999,-999,-999,-999,-999,22,-999,-999,-999
2024-06-08 23:22:23.546,-999,-999,-999,-999,-999,21,-999,-999,-999
2024-06-08 23:22:24.546,-999,-999,-999,-999,-999,23,-999,-999,-999
2024-06-08 23:22:25.546,-999,-999,-999,-999,-999,20,-999,-999,-999
2024-06-08 23:22:26.546,-999,-999,-999,-999,-999,22,-999,-999,-999
2024-06-08 23:22:27.545,-999,-999,-999,-999,-999,22,-999,-999,-999
2024-06-08 23:22:28.548,-999,-999,-999,-999,-999,24,-999,-999,-999
2024-06-08 23:22:29.548,-999,-999,-999,-999,-999,23,-999,-999,-999
2024-06-08 23:22:30.548,-999,-999,-999,-999,-999,20,-999,-999,-999
2024-06-08 23:22:31.548,-999,-999,-999,-999,-999,22,-999,-999,-999
2024-06-08 23:22:32.546,-999,-999,-999,-999,-999,20,-999,-999,-999
2024-06-08 23:22:33.549,-999,-999,-999,-999,-999,22,-999,-999,-999
2024-06-08 23:22:34.549,-999,-999,-999,-999,-999,23,-999,-999,-999
2024-06-08 23:22:35.550,-999,-999,-999,-999,-999,24,-999,-999,-999
2024-06-08 23:22:36.548,-999,-999,-999,-999,-999,23,-999,-999,-999
2024-06-08 23:22:37.550,-999,-999,-999,-999,-999,21,-999,-999,-999
2024-06-08 23:22:38.550,-999,-999,-999,-999,-999,21,-999,-999,-999
2024-06-08 23:22:39.545,-999,-999,-999,-999,-999,24,-999,-999,-999
2024-06-08 23:22:40.550,-999,-999,-999,-999,-999,24,-999,-999,-999
2024-06-08 23:22:41.551,-999,-999,-999,-999,-999,23,-999,-999,-999
2024-06-08 23:22:42.548,-999,-999,-999,-999,-999,22,-999,-999,-999
2024-06-08 23:22:43.550,-999,-999,-999,-999,-999,22,-999,-999,-999
2024-06-08 23:22:44.547,-999,-999,-999,-999,-999,23,-999,-999,-999
2024-06-08 23:22:45.552,-999,-999,-999,-999,-999,24,-999,-999,-999
2024-06-08 23:22:46.552,-999,-999,-999,-999,-999,23,-999,-999,-999
2024-06-08 23:22:47.553,-999,-999,-999,-999,-999,21,-999,-999,-999
2024-06-08 23:22:48.552,-999,-999,-999,-999,-999,22,-999,-999,-999
2024-06-08 23:22:49.554,-999,-999,-999,-999,-999,25,-999,-999,-999
2024-06-08 23:22:50.336,-999,-999,-999,-999,252,-999,-999,-999,-999
2024-06-08 23:22:50.548,-999,-999,-999,-999,-999,22,-999,-999,-999
2024-06-08 23:22:51.331,-999,-999,-999,-999,251,-999,-999,-999,-999
2024-06-08 23:22:51.554,-999,-999,-999,-999,-999,18,-999,-999,-999
2024-06-08 23:22:52.337,-999,-999,-999,-999,248,-999,-999,-999,-999
2024-06-08 23:22:52.554,-999,-999,-999,-999,-999,20,-999,-999,-999
2024-06-08 23:22:53.337,-999,-999,-999,-999,252,-999,-999,-999,-999
2024-06-08 23:22:53.549,-999,-999,-999,-999,-999,18,-999,-999,-999
2024-06-08 23:22:54.337,-999,-999,-999,-999,254,-999,-999,-999,-999
2024-06-08 23:22:54.555,-999,-999,-999,-999,-999,19,-999,-999,-999
2024-06-08 23:22:55.338,-999,-999,-999,-999,251,-999,-999,-999,-999
2024-06-08 23:22:55.555,-999,-999,-999,-999,-999,19,-999,-999,-999
2024-06-08 23:22:56.332,-999,-999,-999,-999,252,-999,-999,-999,-999
2024-06-08 23:22:56.570,-999,-999,-999,-999,-999,18,-999,-999,-999
2024-06-08 23:22:57.339,-999,-999,-999,-999,252,-999,-999,-999,-999
2024-06-08 23:22:57.557,-999,-999,-999,-999,-999,22,-999,-999,-999
2024-06-08 23:22:58.340,-999,-999,-999,-999,254,-999,-999,-999,-999
2024-06-08 23:22:58.555,-999,-999,-999,-999,-999,20,-999,-999,-999
2024-06-08 23:22:59.339,-999,-999,-999,-999,249,-999,-999,-999,-999
2024-06-08 23:22:59.557,-999,-999,-999,-999,-999,22,-999,-999,-999
2024-06-08 23:23:00.339,-999,-999,-999,-999,252,-999,-999,-999,-999
2024-06-08 23:23:00.550,-999,-999,-999,-999,-999,18,-999,-999,-999
2024-06-08 23:23:01.335,-999,-999,-999,-999,251,-999,-999,-999,-999
2024-06-08 23:23:01.554,-999,-999,-999,-999,-999,21,-999,-999,-999
2024-06-08 23:23:02.339,-999,-999,-999,-999,249,-999,-999,-999,-999
2024-06-08 23:23:02.554,-999,-999,-999,-999,-999,19,-999,-999,-999
2024-06-08 23:23:03.335,-999,-999,-999,-999,252,-999,-999,-999,-999
2024-06-08 23:23:03.554,-999,-999,-999,-999,-999,20,-999,-999,-999
2024-06-08 23:23:04.325,64,371,370,-999,-999,-999,-999,-999,-999
2024-06-08 23:23:04.558,-999,-999,-999,-999,-999,24,-999,-999,-999
2024-06-08 23:23:05.558,-999,-999,-999,-999,-999,21,-999,-999,-999
2024-06-08 23:23:06.558,-999,-999,-999,-999,-999,20,-999,-999,-999
2024-06-08 23:23:07.556,-999,-999,-999,-999,-999,21,-999,-999,-999
2024-06-08 23:23:08.558,-999,-999,-999,-999,-999,24,-999,-999,-999
2024-06-08 23:23:09.558,-999,-999,-999,-999,-999,24,-999,-999,-999
2024-06-08 23:23:10.554,-999,-999,-999,-999,-999,25,-999,-999,-999
2024-06-08 23:23:11.560,-999,-999,-999,-999,-999,20,-999,-999,-999
2024-06-08 23:23:12.558,-999,-999,-999,-999,-999,23,-999,-999,-999
2024-06-08 23:23:13.560,-999,-999,-999,-999,-999,22,-999,-999,-999
2024-06-08 23:23:14.559,-999,-999,-999,-999,-999,22,-999,-999,-999
2024-06-08 23:23:15.561,-999,-999,-999,-999,-999,22,-999,-999,-999
2024-06-08 23:23:16.560,-999,-999,-999,-999,-999,24,-999,-999,-999
2024-06-08 23:23:17.562,-999,-999,-999,-999,-999,23,-999,-999,-999
2024-06-08 23:23:18.562,-999,-999,-999,-999,-999,23,-999,-999,-999
2024-06-08 23:23:19.562,-999,-999,-999,-999,-999,21,-999,-999,-999
2024-06-08 23:23:20.562,-999,-999,-999,-999,-999,20,-999,-999,-999
2024-06-08 23:23:21.563,-999,-999,-999,-999,-999,22,-999,-999,-999
2024-06-08 23:23:22.558,-999,-999,-999,-999,-999,22,-999,-999,-999
2024-06-08 23:23:23.563,-999,-999,-999,-999,-999,25,-999,-999,-999
2024-06-08 23:23:24.560,-999,-999,-999,-999,-999,24,-999,-999,-999
2024-06-08 23:23:25.559,-999,-999,-999,-999,-999,22,-999,-999,-999
2024-06-08 23:23:26.565,-999,-999,-999,-999,-999,23,-999,-999,-999
2024-06-08 23:23:27.564,-999,-999,-999,-999,-999,24,-999,-999,-999
2024-06-08 23:23:28.564,-999,-999,-999,-999,-999,23,-999,-999,-999
2024-06-08 23:23:29.560,-999,-999,-999,-999,-999,21,-999,-999,-999
2024-06-08 23:23:30.565,-999,-999,-999,-999,-999,21,-999,-999,-999
2024-06-08 23:23:31.565,-999,-999,-999,-999,-999,22,-999,-999,-999
2024-06-08 23:23:32.560,-999,-999,-999,-999,-999,21,-999,-999,-999
2024-06-08 23:23:33.566,-999,-999,-999,-999,-999,20,-999,-999,-999
2024-06-08 23:23:34.566,-999,-999,-999,-999,-999,25,-999,-999,-999
2024-06-08 23:23:35.566,-999,-999,-999,-999,-999,23,-999,-999,-999
2024-06-08 23:23:36.567,-999,-999,-999,-999,-999,20,-999,-999,-999
2024-06-08 23:23:37.117,-999,-999,-999,-999,253,-999,-999,-999,-999
2024-06-08 23:23:37.567,-999,-999,-999,-999,-999,20,-999,-999,-999
2024-06-08 23:23:38.118,-999,-999,-999,-999,253,-999,-999,-999,-999
2024-06-08 23:23:38.567,-999,-999,-999,-999,-999,21,-999,-999,-999
2024-06-08 23:23:39.120,-999,-999,-999,-999,251,-999,-999,-999,-999
2024-06-08 23:23:39.568,-999,-999,-999,-999,-999,23,-999,-999,-999
2024-06-08 23:23:40.119,-999,-999,-999,-999,252,-999,-999,-999,-999
2024-06-08 23:23:40.565,-999,-999,-999,-999,-999,20,-999,-999,-999
2024-06-08 23:23:41.115,-999,-999,-999,-999,253,-999,-999,-999,-999
2024-06-08 23:23:41.616,-999,-999,-999,-999,-999,23,-999,-999,-999
2024-06-08 23:23:42.124,-999,-999,-999,-999,251,-999,-999,-999,-999
2024-06-08 23:23:42.563,-999,-999,-999,-999,-999,20,-999,-999,-999
2024-06-08 23:23:43.569,-999,-999,-999,-999,-999,24,-999,-999,-999
2024-06-08 23:27:05.096,-999,-999,-999,37,-999,-999,-999,-999,-999
2024-06-08 23:27:14.959,-999,-999,-999,38,-999,-999,-999,-999,-999
2024-06-08 23:27:33.603,-999,-999,-999,37,250,-999,-999,-999,-999
2024-06-08 23:27:43.605,-999,-999,-999,37,248,-999,-999,-999,-999
2024-06-08 23:27:53.609,-999,-999,-999,37,249,-999,-999,-999,-999
2024-06-08 23:28:03.611,-999,-999,-999,37,246,-999,-999,-999,-999
2024-06-08 23:28:13.614,-999,-999,-999,37,249,-999,-999,-999,-999
2024-06-08 23:28:23.611,-999,-999,-999,37,251,-999,-999,-999,-999
2024-06-08 23:28:33.620,-999,-999,-999,39,246,-999,-999,-999,-999
2024-06-08 23:28:43.623,-999,-999,-999,38,248,-999,-999,-999,-999
2024-06-08 23:28:53.626,-999,-999,-999,39,253,-999,-999,-999,-999
2024-06-08 23:29:03.629,-999,-999,-999,38,248,-999,-999,-999,-999
2024-06-08 23:29:13.579,-999,-999,-999,-999,251,-999,-999,-999,-999
2024-06-08 23:29:23.585,-999,-999,-999,-999,249,-999,-999,-999,-999
2024-06-08 23:29:33.588,-999,-999,-999,-999,251,-999,-999,-999,-999
2024-06-08 23:29:43.590,-999,-999,-999,-999,252,-999,-999,-999,-999
2024-06-08 23:29:46.345,-999,-999,-999,39,-999,-999,-999,-999,-999
2024-06-08 23:29:53.593,-999,-999,-999,-999,247,-999,-999,-999,-999
2024-06-08 23:29:56.346,-999,-999,-999,37,-999,-999,-999,-999,-999
2024-06-08 23:30:03.592,-999,-999,-999,-999,250,-999,-999,-999,-999
2024-06-08 23:30:06.350,-999,-999,-999,39,-999,-999,-999,-999,-999
2024-06-08 23:30:13.595,-999,-999,-999,-999,250,-999,-999,-999,-999
2024-06-08 23:30:16.354,-999,-999,-999,37,-999,-999,-999,-999,-999
2024-06-08 23:30:23.597,-999,-999,-999,-999,246,-999,-999,-999,-999
2024-06-08 23:30:26.356,-999,-999,-999,41,-999,-999,-999,-999,-999
2024-06-08 23:30:33.599,-999,-999,-999,-999,253,-999,-999,-999,-999
2024-06-08 23:30:36.363,-999,-999,-999,40,-999,-999,-999,-999,-999
2024-06-08 23:30:43.609,-999,-999,-999,-999,249,-999,-999,-999,-999
2024-06-08 23:30:46.357,-999,-999,-999,37,-999,-999,-999,-999,-999
2024-06-08 23:30:53.611,-999,-999,-999,-999,252,-999,-999,-999,-999
2024-06-08 23:30:56.365,-999,-999,-999,36,-999,-999,-999,-999,-999
2024-06-08 23:31:03.615,-999,-999,-999,-999,253,-999,-999,-999,-999
2024-06-08 23:31:06.363,-999,-999,-999,37,-999,-999,-999,-999,-999
2024-06-08 23:31:13.611,-999,-999,-999,-999,250,-999,-999,-999,-999
2024-06-08 23:31:16.371,-999,-999,-999,39,-999,-999,-999,-999,-999
2024-06-08 23:31:23.620,-999,-999,-999,-999,252,-999,-999,-999,-999
2024-06-08 23:31:26.370,-999,-999,-999,40,-999,-999,-999,-999,-999
2024-06-08 23:31:33.620,-999,-999,-999,-999,250,-999,-999,-999,-999
2024-06-08 23:31:36.377,-999,-999,-999,39,-999,-999,-999,-999,-999
2024-06-08 23:31:43.626,-999,-999,-999,-999,251,-999,-999,-999,-999
2024-06-08 23:31:46.379,-999,-999,-999,41,-999,-999,-999,-999,-999
2024-06-08 23:31:53.629,-999,-999,-999,-999,254,-999,-999,-999,-999
2024-06-08 23:31:56.381,-999,-999,-999,41,-999,-999,-999,-999,-999
2024-06-08 23:32:03.632,-999,-999,-999,-999,250,-999,-999,-999,-999
2024-06-08 23:32:06.385,-999,-999,-999,39,-999,-999,-999,-999,-999
2024-06-08 23:32:16.385,-999,-999,-999,38,-999,-999,-999,-999,-999
2024-06-08 23:32:19.915,-999,-999,-999,-999,250,-999,-999,-999,-999
2024-06-08 23:32:20.917,-999,-999,-999,-999,251,-999,-999,-999,-999
2024-06-08 23:32:21.915,-999,-999,-999,-999,251,-999,-999,-999,-999
2024-06-08 23:32:22.918,-999,-999,-999,-999,249,-999,-999,-999,-999
2024-06-08 23:32:23.918,-999,-999,-999,-999,250,-999,-999,-999,-999
2024-06-08 23:32:24.918,-999,-999,-999,-999,250,-999,-999,-999,-999
2024-06-08 23:32:25.918,-999,-999,-999,-999,254,-999,-999,-999,-999
2024-06-08 23:32:26.919,-999,-999,-999,-999,252,-999,-999,-999,-999
2024-06-08 23:32:27.918,-999,-999,-999,-999,249,-999,-999,-999,-999
2024-06-08 23:32:28.962,-999,-999,-999,38,250,-999,-999,-999,-999
2024-06-08 23:32:29.918,-999,-999,-999,-999,252,-999,-999,-999,-999
2024-06-08 23:32:30.920,-999,-999,-999,-999,249,-999,-999,-999,-999
2024-06-08 23:32:31.920,-999,-999,-999,-999,253,-999,-999,-999,-999
2024-06-08 23:32:32.919,-999,-999,-999,-999,248,-999,-999,-999,-999
2024-06-08 23:32:33.916,-999,-999,-999,-999,250,-999,-999,-999,-999
2024-06-08 23:32:34.922,-999,-999,-999,-999,254,-999,-999,-999,-999
2024-06-08 23:32:35.922,-999,-999,-999,-999,250,-999,-999,-999,-999
2024-06-08 23:32:36.916,-999,-999,-999,-999,249,-999,-999,-999,-999
2024-06-08 23:32:37.922,-999,-999,-999,-999,248,-999,-999,-999,-999
2024-06-08 23:32:38.971,-999,-999,-999,35,248,-999,-999,-999,-999
2024-06-08 23:32:39.922,-999,-999,-999,-999,251,-999,-999,-999,-999
2024-06-08 23:32:40.919,-999,-999,-999,-999,253,-999,-999,-999,-999
2024-06-08 23:32:41.917,-999,-999,-999,-999,251,-999,-999,-999,-999
2024-06-08 23:32:42.921,-999,-999,-999,-999,250,-999,-999,-999,-999
2024-06-08 23:32:43.924,-999,-999,-999,-999,255,-999,-999,-999,-999
2024-06-08 23:32:44.925,-999,-999,-999,-999,250,-999,-999,-999,-999
2024-06-08 23:32:45.925,-999,-999,-999,-999,252,-999,-999,-999,-999
2024-06-08 23:32:46.925,-999,-999,-999,-999,252,-999,-999,-999,-999
2024-06-08 23:32:47.925,-999,-999,-999,-999,249,-999,-999,-999,-999
2024-06-08 23:32:48.975,-999,-999,-999,35,248,-999,-999,-999,-999
2024-06-08 23:32:49.923,-999,-999,-999,-999,253,-999,-999,-999,-999
2024-06-08 23:32:50.531,64,370,369,-999,-999,-999,-999,-999,-999
2024-06-08 23:32:50.926,-999,-999,-999,-999,251,-999,-999,-999,-999
2024-06-08 23:32:51.926,-999,-999,-999,-999,250,-999,-999,-999,-999
2024-06-08 23:32:52.927,-999,-999,-999,-999,249,-999,-999,-999,-999
2024-06-08 23:32:53.926,-999,-999,-999,-999,250,-999,-999,-999,-999
2024-06-08 23:32:54.927,-999,-999,-999,-999,250,-999,-999,-999,-999
2024-06-08 23:32:55.927,-999,-999,-999,-999,249,-999,-999,-999,-999
2024-06-08 23:32:56.930,-999,-999,-999,-999,248,-999,-999,-999,-999
2024-06-08 23:32:57.930,-999,-999,-999,-999,248,-999,-999,-999,-999
2024-06-08 23:32:58.978,-999,-999,-999,37,248,-999,-999,-999,-999
2024-06-08 23:32:59.925,-999,-999,-999,-999,247,-999,-999,-999,-999
2024-06-08 23:33:00.926,-999,-999,-999,-999,249,-999,-999,-999,-999
2024-06-08 23:33:01.925,-999,-999,-999,-999,248,-999,-999,-999,-999
2024-06-08 23:33:02.929,-999,-999,-999,-999,250,-999,-999,-999,-999
2024-06-08 23:33:03.929,-999,-999,-999,-999,252,-999,-999,-999,-999
2024-06-08 23:33:04.930,-999,-999,-999,-999,251,-999,-999,-999,-999
2024-06-08 23:33:05.927,-999,-999,-999,-999,253,-999,-999,-999,-999
2024-06-08 23:33:06.929,-999,-999,-999,-999,249,-999,-999,-999,-999
2024-06-08 23:33:07.931,-999,-999,-999,-999,250,-999,-999,-999,-999
2024-06-08 23:33:08.980,-999,-999,-999,35,251,-999,-999,-999,-999
2024-06-08 23:33:09.932,-999,-999,-999,-999,248,-999,-999,-999,-999
2024-06-08 23:33:10.931,-999,-999,-999,-999,249,-999,-999,-999,-999
2024-06-08 23:33:11.930,-999,-999,-999,-999,250,-999,-999,-999,-999
2024-06-08 23:33:12.931,-999,-999,-999,-999,251,-999,-999,-999,-999
2024-06-08 23:33:13.933,-999,-999,-999,-999,251,-999,-999,-999,-999
2024-06-08 23:33:14.933,-999,-999,-999,-999,253,-999,-999,-999,-999
2024-06-08 23:33:15.369,64,370,369,-999,-999,-999,-999,-999,-999
